City_ID,City,Lat,Lng,Max Temp,Humidity,Cloudiness,Wind Speed,Country,Date
0,yellowknife,62.456,-114.3525,11.900000000000034,68,75,4.63,CA,1717950577
1,midvagur,62.0511,-7.1939,7.460000000000036,87,100,6.69,FO,1717950941
2,queenstown,-31.8976,26.8753,10.860000000000014,49,0,2.61,ZA,1717950883
3,grytviken,-54.2811,-36.5092,-4.919999999999959,76,21,6.91,GS,1717950872
4,east london,-33.0153,27.9116,13.520000000000039,88,0,1.54,ZA,1717950607
5,keflavik,64.0049,-22.5624,10.240000000000009,57,0,5.14,IS,1717950941
6,narok,-1.0783,35.8601,15.379999999999995,93,100,2.45,KE,1717950941
7,kidal,18.4411,1.4078,43.07000000000005,10,1,2.47,ML,1717950941
8,selfoss,63.9331,-20.9971,12.220000000000027,51,47,5.3,IS,1717950941
9,waitangi,-43.9535,-176.5597,13.230000000000018,87,100,5.36,NZ,1717950872
10,adamstown,-25.066,-130.1015,22.260000000000048,73,27,6.1,PN,1717950874
11,colonia,50.9333,6.95,21.010000000000048,38,0,4.12,DE,1717950878
12,oeiras do para,-2.0031,-49.8544,31.82000000000005,57,20,1.77,BR,1717950941
13,port mathurin,-19.6833,63.4167,24.30000000000001,82,64,7.99,MU,1717950873
14,punta arenas,-53.15,-70.9167,2.0600000000000023,80,40,3.09,CL,1717950673
15,sitka,57.0531,-135.33,9.939999999999998,87,75,2.57,US,1717950874
16,suva,-18.1416,178.4415,17.710000000000036,100,75,1.54,FJ,1717950791
17,kenai,60.5544,-151.2583,13.340000000000032,63,0,4.63,US,1717950941
18,stanley,54.868,-1.6985,15.160000000000025,59,40,3.09,GB,1717950872
19,puerto ayora,-0.7393,-90.3518,26.980000000000018,92,45,0.45,EC,1717950670
20,constitucion,-35.3333,-72.4167,14.360000000000014,82,42,5.96,CL,1717950941
21,bethel,41.3712,-73.414,20.5,81,100,5.14,US,1717950875
22,kaoma,-14.7833,24.8,21.07000000000005,33,20,3.57,ZM,1717950941
23,puerto natales,-51.7236,-72.4875,-0.75,100,100,1.03,CL,1717950872
24,nova sintra,14.8667,-24.7167,23.510000000000048,81,0,7.95,CV,1717950884
25,hithadhoo,-0.6,73.0833,28.700000000000045,72,100,2.39,MV,1717950873
26,talnakh,69.4865,88.3972,3.4500000000000455,99,93,2.1,RU,1717950789
27,padang,-0.9492,100.3543,27.03000000000003,89,68,2.09,ID,1717950942
28,pitoa,9.3833,13.5333,36.05000000000001,44,20,6.69,CM,1717950942
29,ushuaia,-54.8,-68.3,0.7900000000000205,80,20,1.54,AR,1717950843
30,port elizabeth,-33.918,25.5701,13.390000000000043,84,0,1.03,ZA,1717950704
31,al badari,26.9926,31.4155,36.08000000000004,13,0,4.35,EG,1717950942
32,west island,-12.1568,96.8225,27.99000000000001,78,40,2.57,CC,1717950873
33,kabalo,-6.05,26.9167,25.960000000000036,33,28,2.42,CD,1717950942
34,san ignacio,17.1561,-89.0714,30.08000000000004,79,75,2.06,BZ,1717950942
35,poxoreo,-15.8372,-54.3892,33.920000000000016,23,82,4.17,BR,1717950942
36,avarua,-21.2078,-159.775,21.03000000000003,56,40,1.54,CK,1717950872
37,hermanus,-34.4187,19.2345,13.78000000000003,76,6,4.02,ZA,1717950872
38,georgetown,5.4112,100.3354,28.960000000000036,69,40,4.63,MY,1717950761
39,nahiyat ash shinafiyah,31.5874,44.6602,42.57000000000005,8,19,4.09,IQ,1717950942
40,mogadishu,2.0371,45.3438,26.29000000000002,82,27,8.56,SO,1717950747
41,port-aux-francais,-49.35,70.2167,6.720000000000027,98,100,17.72,TF,1717950872
42,la ronge,55.1001,-105.2842,7.140000000000043,87,100,2.57,CA,1717950886
43,salalah,17.0151,54.0924,31.05000000000001,84,75,3.6,OM,1717950895
44,klyuchi,52.2667,79.1667,18.0,67,64,3.94,RU,1717950942
45,lihue,21.9789,-159.3672,23.77000000000004,82,100,4.12,US,1717950880
46,berdigestyakh,62.0989,126.6992,11.180000000000007,43,25,1.75,RU,1717950942
47,iqaluit,63.7506,-68.5145,4.850000000000023,52,100,5.14,CA,1717950874
48,antsiranana,-12.2787,49.2917,23.55000000000001,71,31,6.35,MG,1717950896
49,varginha,-21.5514,-45.4303,25.560000000000002,37,54,2.41,BR,1717950942
50,bovril,-31.3431,-59.4451,26.060000000000002,61,88,7.16,AR,1717950943
51,fale old settlement,-9.3852,-171.2468,28.75,71,99,4.0,TK,1717950883
52,afaahiti,-17.75,-149.2833,24.930000000000007,84,92,6.42,PF,1717950882
53,edinburgh of the seven seas,-37.0676,-12.3116,14.240000000000009,83,100,8.23,SH,1717950874
54,gadzhiyevo,69.2551,33.3362,7.150000000000034,79,15,7.57,RU,1717950788
55,hastings,50.8552,0.5729,17.33000000000004,72,86,4.99,GB,1717950943
56,albany,42.6001,-73.9662,16.470000000000027,90,89,0.45,US,1717950602
57,garcia,25.8167,-100.5833,31.04000000000002,63,1,1.64,MX,1717950497
58,pelabuhanratu,-6.9875,106.5514,25.860000000000014,90,34,2.08,ID,1717950943
59,matoury,4.8483,-52.3317,27.980000000000018,83,44,1.54,GF,1717950943
60,hereford,52.0568,-2.7148,15.970000000000027,71,97,5.5,GB,1717950943
61,bilibino,68.0546,166.4372,6.1299999999999955,61,3,1.43,RU,1717950732
62,blackmans bay,-43.0167,147.3167,5.850000000000023,86,31,0.45,AU,1717950873
63,placido de castro,-10.3353,-67.1856,34.99000000000001,34,39,1.29,BR,1717950943
64,uthal,25.8072,66.6219,29.07000000000005,78,3,5.39,PK,1717950943
65,kodiak,57.79,-152.4072,6.730000000000018,100,100,10.29,US,1717950877
66,yuzhno-kurilsk,44.0306,145.8556,11.32000000000005,93,99,3.75,RU,1717950878
67,bredasdorp,-34.5322,20.0403,11.020000000000039,89,5,2.4,ZA,1717950873
68,san patricio,28.017,-97.5169,34.74000000000001,43,3,5.67,US,1717950880
69,usinsk,65.9939,57.5281,10.04000000000002,50,100,4.47,RU,1717950887
70,gibong,11.8634,122.0394,26.620000000000005,80,100,1.72,PH,1717950943
71,puerto baquerizo moreno,-0.9,-89.6,26.55000000000001,69,75,5.14,EC,1717950731
72,vorgashor,67.5833,63.95,2.1100000000000136,96,100,4.14,RU,1717950875
73,sinjai,-5.1241,120.253,25.430000000000007,89,45,0.52,ID,1717950943
74,verkhniy ufaley,56.0567,60.2306,12.29000000000002,99,100,1.7,RU,1717950713
75,mrakovo,52.7161,56.6244,14.860000000000014,92,47,1.79,RU,1717950943
76,sao joao da barra,-21.6403,-41.0511,30.05000000000001,69,3,5.16,BR,1717950943
77,kapa'a,22.0752,-159.319,24.180000000000007,82,100,4.12,US,1717950943
78,rawatsar,29.2833,74.3833,38.49000000000001,16,48,5.21,IN,1717950943
79,kruisfontein,-34.0033,24.7314,11.600000000000023,82,0,1.54,ZA,1717950879
80,iskateley,67.6803,53.1512,5.010000000000048,71,100,4.92,RU,1717950872
81,alice springs,-23.7,133.8833,5.75,93,0,0.0,AU,1717950884
82,lagunas,-5.2269,-75.6753,28.420000000000016,68,96,1.04,PE,1717950943
83,lindley,-27.8791,27.9135,8.520000000000039,49,2,1.48,ZA,1717950943
84,forest grove,45.5198,-123.1107,20.180000000000007,68,0,1.79,US,1717950943
85,richards bay,-28.783,32.0377,16.420000000000016,68,0,2.9,ZA,1717950881
86,cosamaloapan,18.3667,-95.8,38.450000000000045,32,65,2.2,MX,1717950943
87,altay,47.8667,88.1167,16.689999999999998,65,41,2.28,CN,1717950924
88,lorengau,-2.0226,147.2712,27.560000000000002,80,39,1.86,PG,1717950944
89,majene,-3.5403,118.9707,25.100000000000023,92,68,3.76,ID,1717950944
90,dayr hafir,36.1569,37.7078,31.700000000000045,29,38,6.78,SY,1717950944
91,alofi,-19.0595,-169.9187,20.939999999999998,83,40,4.63,NU,1717950876
92,lerwick,60.1545,-1.1494,11.0,79,99,9.77,GB,1717950681
93,laojunmiao,39.8333,97.7333,20.510000000000048,15,87,4.05,CN,1717950944
94,aasiaat,68.7098,-52.8699,1.3000000000000114,98,100,1.44,GL,1717950878
95,amungan,15.3652,119.9582,28.49000000000001,74,98,2.29,PH,1717950944
96,jaggayyapeta,16.9,80.1,30.04000000000002,64,91,4.85,IN,1717950944
97,remire-montjoly,4.9167,-52.2667,28.02000000000004,83,25,1.54,GF,1717950883
98,manicore,-5.8092,-61.3003,34.94,39,19,1.48,BR,1717950944
99,erenhot,43.6475,111.9767,24.53000000000003,20,66,4.51,CN,1717950944
100,oruro,-17.9833,-67.15,13.270000000000039,28,68,1.03,BO,1717950944
101,armacao de buzios,-22.7469,-41.8817,30.03000000000003,77,5,9.07,BR,1717950892
102,codrington,-38.2667,141.9667,6.140000000000043,92,7,2.94,AU,1717950882
103,wailua homesteads,22.0669,-159.378,23.439999999999998,82,100,4.12,US,1717950873
104,ketchikan,55.3422,-131.6461,12.970000000000027,40,75,3.09,US,1717950872
105,chonchi,-42.6128,-73.8092,10.560000000000002,82,93,3.1,CL,1717950944
106,pisco,-13.7,-76.2167,17.03000000000003,94,100,3.6,PE,1717950880
107,magistral'nyy,56.1725,107.4458,12.430000000000007,52,100,1.07,RU,1717950944
108,margaret river,-33.95,115.0667,15.460000000000036,61,100,12.23,AU,1717950873
109,jamestown,42.097,-79.2353,18.900000000000034,59,75,6.17,US,1717950706
110,sumenep,-7.0167,113.8667,26.160000000000025,87,8,4.33,ID,1717950945
111,kitimat,54.0524,-128.6534,15.510000000000048,73,100,1.79,CA,1717950945
112,dakhla,23.6848,-15.958,23.010000000000048,78,0,9.77,EH,1717950945
113,korla,41.7597,86.1469,27.460000000000036,20,100,3.82,CN,1717950874
114,staraya russa,57.9944,31.3608,17.210000000000036,62,100,5.11,RU,1717950945
115,leo,11.1,-2.1,37.460000000000036,29,62,0.26,BF,1717950945
116,naze,28.3667,129.4833,23.510000000000048,87,79,3.29,JP,1717950877
117,lebu,-37.6167,-73.65,12.960000000000036,85,49,7.41,CL,1717950697
118,lere,10.387,8.5726,22.670000000000016,88,66,1.06,NG,1717950945
119,leh,34.1667,77.5833,8.450000000000045,18,65,2.77,IN,1717950945
120,isafjordur,66.0755,-23.124,9.020000000000039,87,20,5.14,IS,1717950873
121,bussoleno,45.1403,7.1464,20.860000000000014,87,100,1.79,IT,1717950945
122,antigo,45.1402,-89.1523,18.400000000000034,59,100,5.66,US,1717950945
123,general cabrera,-32.8131,-63.8724,21.680000000000007,51,1,8.8,AR,1717950945
124,latnaya,51.6586,38.9011,24.939999999999998,72,9,2.46,RU,1717950945
125,gaspe,48.8334,-64.4819,13.120000000000005,94,100,2.57,CA,1717950945
126,conde,-7.2597,-34.9075,26.700000000000045,89,75,4.63,BR,1717950945
127,ma'rib,15.4591,45.3253,34.51000000000005,12,51,4.26,YE,1717950945
128,amursk,50.2261,136.8994,13.879999999999995,100,96,0.81,RU,1717950730
129,undurkhaan,47.3194,110.6556,17.52000000000004,56,92,4.53,MN,1717950945
130,dargecit,37.5454,41.7197,32.160000000000025,19,4,4.01,TR,1717950945
131,mount pearl,47.5166,-52.7813,16.189999999999998,67,100,4.12,CA,1717950813
132,bryne,58.7354,5.6477,12.189999999999998,89,75,9.26,NO,1717950871
133,carnarvon,-24.8667,113.6333,20.74000000000001,87,100,1.77,AU,1717950880
134,bardai,11.65,7.2333,34.78000000000003,32,52,4.25,NG,1717950945
135,tura,25.5198,90.2201,25.840000000000032,92,1,3.31,IN,1717950883
136,andorra,42.5,1.5,20.82000000000005,40,40,6.69,AD,1717950945
137,olonkinbyen,70.9221,-8.7187,-0.8499999999999659,81,90,7.81,SJ,1717950878
138,canon city,38.441,-105.2424,28.120000000000005,41,0,2.57,US,1717950946
139,tomohon,1.3346,124.8392,20.52000000000004,96,100,1.48,ID,1717950946
140,papao,-17.75,-149.55,25.82000000000005,81,92,7.46,PF,1717950886
141,udachny,66.4167,112.4,16.920000000000016,34,100,3.3,RU,1717950872
142,tara,56.8944,74.371,12.470000000000027,83,54,1.83,RU,1717950946
143,tazacorte,28.629,-17.9293,22.860000000000014,79,75,3.6,ES,1717950886
144,liwale,-9.7667,37.9333,19.590000000000032,72,43,1.8,TZ,1717950946
145,college,64.8569,-147.8028,20.650000000000034,47,75,2.06,US,1717950872
146,itoman,26.1247,127.6694,25.010000000000048,96,20,1.54,JP,1717950891
147,sarupathar,26.1984,93.8094,26.82000000000005,77,94,1.2,IN,1717950946
148,roma,43.2128,-75.4557,18.230000000000018,79,75,3.6,US,1717950878
149,siloam springs,36.1881,-94.5405,26.75,88,75,3.09,US,1717950678
150,toliara,-23.35,43.6667,19.410000000000025,59,1,8.5,MG,1717950880
151,ribeira grande,38.5167,-28.7,22.220000000000027,78,20,6.71,PT,1717950877
152,la passe,45.5549,-0.8967,24.129999999999995,74,75,7.77,FR,1717950885
153,gongchangling,41.1167,123.45,15.57000000000005,90,27,2.2,CN,1717950946
154,kaa-khem,51.6833,94.7333,20.78000000000003,63,93,2.45,RU,1717950946
155,new norfolk,-42.7826,147.0587,6.510000000000048,80,35,2.04,AU,1717950885
156,yorkton,51.2167,-102.4677,10.910000000000025,76,20,3.09,CA,1717950601
157,invercargill,-46.4,168.35,8.340000000000032,96,100,5.36,NZ,1717950875
158,sinop,41.7711,34.8709,16.890000000000043,82,0,0.79,TR,1717950879
159,flying fish cove,-10.4217,105.6791,25.82000000000005,83,100,5.14,CX,1717950875
160,tazovsky,67.4667,78.7,1.910000000000025,81,65,2.64,RU,1717950880
161,okhotsk,59.3833,143.3,3.2700000000000387,92,0,2.36,RU,1717950946
162,saint-francois,46.4154,3.9054,17.689999999999998,73,100,5.14,FR,1717950712
163,ancud,-41.8697,-73.8203,11.370000000000005,84,79,6.35,CL,1717950707
164,linhares,-19.3911,-40.0722,25.29000000000002,57,100,2.24,BR,1717950946
165,ust-nera,64.5667,143.2,5.160000000000025,57,79,1.94,RU,1717950878
166,polyarnyy,69.1989,33.4478,7.8700000000000045,76,15,7.4,RU,1717950888
167,la'ie,21.6477,-157.9253,25.980000000000018,77,9,3.58,US,1717950946
168,guerrero negro,27.9769,-114.0611,19.410000000000025,63,7,5.23,MX,1717950946
169,dikwa,12.024,13.9165,40.110000000000014,20,79,3.1,NG,1717950947
170,whitehorse,60.7161,-135.0538,17.670000000000016,30,75,4.63,CA,1717950875
171,bazarak,35.3129,69.5152,13.720000000000027,50,0,4.19,AF,1717950947
172,hinton,53.4001,-117.5857,4.6299999999999955,97,100,1.14,CA,1717950947
173,goiatuba,-18.0125,-49.3547,29.210000000000036,27,82,4.4,BR,1717950947
174,chetwayi,10.5333,76.05,27.590000000000032,82,100,4.41,IN,1717950947
175,ola,59.5833,151.2833,5.080000000000041,92,100,1.96,RU,1717950789
176,candolim,15.5181,73.7626,25.0,100,75,3.09,IN,1717950947
177,san antonio de pale,-1.4014,5.6325,25.100000000000023,79,70,4.73,GQ,1717950887
178,jayapura,-2.5333,140.7,24.660000000000025,93,56,2.15,ID,1717950947
179,manado,1.487,124.8455,25.430000000000007,94,40,0.51,ID,1717950940
180,sisimiut,66.9395,-53.6735,1.8700000000000045,98,100,1.58,GL,1717950883
181,alo,7.4178,6.7371,32.01000000000005,57,78,3.81,NG,1717950947
182,jurm,36.8648,70.8342,16.78000000000003,54,8,1.19,AF,1717950947
183,bandar-e lengeh,26.5579,54.8807,36.06,38,3,2.06,IR,1717950947
184,atafu village,-8.5421,-172.5159,28.30000000000001,74,100,3.86,TK,1717950877
185,kununurra,-15.7667,128.7333,12.990000000000009,88,49,0.0,AU,1717950888
186,thompson,55.7435,-97.8558,11.090000000000032,35,20,1.54,CA,1717950722
187,benguela,-12.5763,13.4055,23.379999999999995,85,29,3.37,AO,1717950947
188,ghat,24.9647,10.1728,37.31,5,0,4.16,LY,1717950947
189,crane,31.3974,-102.3501,33.960000000000036,22,18,1.2,US,1717950947
190,rikaze,29.25,88.8833,16.83000000000004,37,13,2.96,CN,1717950880
191,vilyuysk,63.7553,121.6247,13.890000000000043,75,36,2.68,RU,1717950789
192,tiksi,71.6872,128.8694,0.12000000000000455,96,96,2.46,RU,1717950875
193,kingston,17.997,-76.7936,32.31,66,75,10.29,JM,1717950875
194,vilyuchinsk,52.9306,158.4028,12.150000000000034,88,99,3.88,RU,1717950875
195,arkhangel'sk,64.5401,40.5433,16.060000000000002,51,20,2.0,RU,1717950946
196,karangampel,-6.4622,108.4519,27.210000000000036,79,7,3.89,ID,1717950947
197,svetlyy,54.675,20.1347,17.980000000000018,63,20,0.72,RU,1717950947
198,constantia,44.1833,28.65,29.379999999999995,68,77,7.21,RO,1717950725
199,lazaro cardenas,17.9583,-102.2,29.590000000000032,57,19,4.8,MX,1717950880
200,mitchell,43.7094,-98.0298,24.850000000000023,40,0,2.06,US,1717950947
201,mawlamyinegyunn,16.3833,95.2667,26.74000000000001,86,100,4.47,MM,1717950947
202,taro,-8.3862,115.28,22.0,100,100,0.69,ID,1717950947
203,miyako,39.6367,141.9525,15.460000000000036,94,100,2.62,JP,1717950948
204,ebaye,8.7748,167.7392,28.010000000000048,83,75,5.14,MH,1717950948
205,valparaiso,-33.0393,-71.6273,16.189999999999998,76,40,4.12,CL,1717950602
206,pandan,14.0453,124.1694,26.930000000000007,87,5,1.84,PH,1717950948
207,xining,36.6167,101.7667,14.79000000000002,55,100,1.63,CN,1717950885
208,dianella,-31.8942,115.8714,18.950000000000045,72,75,4.92,AU,1717950948
209,filadelfia,39.9523,-75.1638,26.230000000000018,58,75,7.2,US,1717950948
210,chibougamau,49.9168,-74.3659,12.79000000000002,94,100,3.6,CA,1717950883
211,genhe,50.7833,121.5167,9.830000000000041,97,100,0.89,CN,1717950887
212,utrik,11.2278,169.8474,28.370000000000005,80,78,6.04,MH,1717950881
213,sechura,-5.5569,-80.8222,23.670000000000016,57,82,4.13,PE,1717950803
214,hawaiian paradise park,19.5933,-154.9731,21.689999999999998,86,40,0.0,US,1717950872
215,qaqortoq,60.7167,-46.0333,6.260000000000048,96,100,1.66,GL,1717950876
216,soure,-0.7167,-48.5233,33.23000000000002,69,95,3.74,BR,1717950948
217,changyon,38.2508,125.0961,16.970000000000027,92,5,1.77,KP,1717950948
218,port blair,11.6667,92.75,24.02000000000004,94,100,2.57,IN,1717950948
219,labytnangi,66.6572,66.4183,10.210000000000036,60,100,4.01,RU,1717950886
220,susaki,33.3667,133.2833,18.04000000000002,92,100,1.96,JP,1717950948
221,westport,41.1415,-73.3579,23.03000000000003,77,100,3.58,US,1717950810
222,badger,64.8,-147.5333,20.600000000000023,49,75,2.06,US,1717950872
223,baikunthpur,23.25,82.55,32.84000000000003,35,33,1.68,IN,1717950948
224,bulusan,12.7518,124.1373,26.420000000000016,89,49,2.63,PH,1717950948
225,enewetak,11.3474,162.3373,28.30000000000001,82,100,7.19,MH,1717950876
226,mount gambier,-37.8333,140.7667,5.230000000000018,92,74,2.05,AU,1717950877
227,anloga,5.7947,0.8973,27.890000000000043,77,78,6.35,GH,1717950896
228,vernon,50.2581,-119.2691,21.450000000000045,35,98,1.54,CA,1717950860
229,hami,42.8,93.45,28.860000000000014,18,8,4.27,CN,1717950948
230,mora,11.0461,14.1401,36.64000000000004,27,21,3.93,CM,1717950880
231,happy valley-goose bay,53.3168,-60.3315,23.170000000000016,49,20,5.66,CA,1717950609
232,kerikeri,-35.2268,173.9474,17.730000000000018,95,100,4.47,NZ,1717950884
233,santa cruz del sur,20.7147,-77.9956,26.28000000000003,83,100,5.7,CU,1717950948
234,porto novo,6.4965,2.6036,28.900000000000034,76,76,4.41,BJ,1717950948
235,kavaratti,10.5669,72.642,28.060000000000002,84,100,5.85,IN,1717950896
236,halabjah,35.1778,45.9861,30.090000000000032,20,20,0.54,IQ,1717950948
237,qusmuryn,52.4503,64.6311,18.220000000000027,86,100,2.84,KZ,1717950949
238,bubaque,11.2833,-15.8333,26.760000000000048,79,82,3.83,GW,1717950879
239,nouadhibou,20.931,-17.0347,24.99000000000001,65,0,9.77,MR,1717950949
240,mumbwa,-14.9783,27.0619,17.5,54,2,3.51,ZM,1717950949
241,ilovlya,49.3033,43.9796,22.600000000000023,63,44,4.42,RU,1717950949
242,greymouth,-42.4667,171.2,13.78000000000003,95,100,4.82,NZ,1717950949
243,igarka,67.4667,86.5833,11.680000000000007,79,99,4.02,RU,1717950893
244,papatowai,-46.5619,169.4708,9.970000000000027,95,100,5.55,NZ,1717950875
245,nemuro,43.3236,145.575,9.960000000000036,95,100,6.26,JP,1717950949
246,kundiawa,-6.0167,144.9667,16.840000000000032,98,96,0.37,PG,1717950949
247,shamva,-17.3116,31.5756,19.230000000000018,38,99,2.63,ZW,1717950949
248,palamas,39.4667,22.0833,30.900000000000034,29,39,3.22,GR,1717950949
249,nagqu,31.5,92.0,9.110000000000014,52,89,1.97,CN,1717950879
250,saudarkrokur,65.7461,-19.6394,6.439999999999998,85,87,2.66,IS,1717950891
251,puerto carreno,6.189,-67.4859,33.99000000000001,55,40,1.54,CO,1717950949
252,warmbad,-28.45,18.7333,17.920000000000016,31,0,6.19,NA,1717950949
253,fuyuan,46.4333,127.0833,13.950000000000045,71,22,2.47,CN,1717950949
254,taunsa,30.7048,70.6505,32.879999999999995,25,92,2.76,PK,1717950949
255,ikom,5.9667,8.7063,26.450000000000045,92,81,1.77,NG,1717950949
256,saipan,15.1355,145.701,28.390000000000043,78,20,3.6,MP,1717950872
257,tillmans corner,30.5902,-88.1708,33.51000000000005,61,40,2.06,US,1717950949
258,cannonvale,-20.2833,148.7,18.660000000000025,78,0,2.57,AU,1717950890
259,khabary,53.6259,79.5345,13.439999999999998,82,51,3.62,RU,1717950949
260,bayanaul,50.7889,75.6956,21.120000000000005,57,63,4.33,KZ,1717950949
261,hadibu,12.65,54.0333,28.950000000000045,73,54,6.69,YE,1717950949
262,namtsy,62.7161,129.6658,10.800000000000011,49,0,2.73,RU,1717950790
263,shortandy,51.7006,70.9994,19.439999999999998,78,89,4.95,KZ,1717950949
264,kushnarenkovo,55.105,55.3508,15.640000000000043,89,40,1.75,RU,1717950949
265,cockburn town,21.4612,-71.1419,27.850000000000023,84,100,6.65,TC,1717950722
266,igatpuri,19.7,73.55,24.450000000000045,81,100,2.11,IN,1717950950
267,torres,-29.3353,-49.7269,28.260000000000048,69,12,3.86,BR,1717950950
268,fortuna,40.5982,-124.1573,14.990000000000009,88,100,1.54,US,1717950950
269,anadyr,64.75,177.4833,0.28000000000002956,100,0,3.0,RU,1717950874
270,severo-yeniseyskiy,60.3725,93.0408,8.100000000000023,98,84,1.34,RU,1717950892
271,dunedin,-45.8742,170.5036,8.78000000000003,99,100,5.36,NZ,1717950747
272,faro,37.0194,-7.9322,24.54000000000002,68,20,6.69,PT,1717950824
273,bokajan,26.0167,93.7833,26.850000000000023,73,87,1.44,IN,1717950950
274,abashiri,44.0213,144.2697,13.150000000000034,89,95,5.6,JP,1717950950
275,kayangel,8.0823,134.7173,29.05000000000001,76,99,4.88,PW,1717950889
276,kirakira,-10.4544,161.9205,26.99000000000001,87,69,4.34,SB,1717950950
277,tamanrasset,22.785,5.5228,36.950000000000045,8,40,5.14,DZ,1717950950
278,palmerston,-12.486,130.9833,18.99000000000001,85,0,1.54,AU,1717950950
279,longyearbyen,78.2186,15.6401,3.910000000000025,65,75,6.17,SJ,1717950873
280,general conesa,-40.1,-64.4333,19.170000000000016,27,77,10.81,AR,1717950892
281,nova vicosa,-17.8919,-39.3719,25.04000000000002,66,100,2.95,BR,1717950950
282,ilembula,-8.9,34.5833,16.28000000000003,60,37,4.67,TZ,1717950950
283,nogliki,51.8333,143.1667,9.080000000000041,85,100,3.58,RU,1717950950
284,morehead city,34.7229,-76.726,33.33000000000004,69,0,6.17,US,1717950950
285,port alfred,-33.5906,26.891,16.28000000000003,65,0,2.55,ZA,1717950873
286,port lincoln,-34.7333,135.8667,14.910000000000025,55,100,3.13,AU,1717950895
287,st. john's,47.5649,-52.7093,16.660000000000025,67,100,4.12,CA,1717950760
288,hammerfest,70.6634,23.6821,14.25,62,0,4.63,NO,1717950893
289,atasu,48.6814,71.6433,19.99000000000001,73,88,8.58,KZ,1717950950
290,nuuk,64.1835,-51.7216,5.340000000000032,100,100,8.23,GL,1717950600
291,magadan,59.5667,150.8,4.740000000000009,95,93,1.28,RU,1717950950
292,zalingei,12.9096,23.4741,24.860000000000014,68,92,3.03,SD,1717950950
293,taguatinga,-12.3857,-46.5711,33.620000000000005,24,87,3.05,BR,1717950950
294,susuman,62.7833,148.1667,3.8799999999999955,58,94,0.89,RU,1717950790
295,nova olinda do norte,-3.8881,-59.0942,30.840000000000032,67,53,0.93,BR,1717950950
296,ilulissat,69.2167,-51.1,4.010000000000048,75,40,3.09,GL,1717950872
297,poronaysk,49.2167,143.1167,8.370000000000005,95,100,0.82,RU,1717950950
298,puerto deseado,-47.7503,-65.8938,6.230000000000018,91,100,7.56,AR,1717950950
299,flin flon,54.7682,-101.865,9.910000000000025,62,20,2.06,CA,1717950755
300,ust'-kut,56.7938,105.7672,14.689999999999998,48,100,1.79,RU,1717950730
301,corvallis,44.5646,-123.262,20.610000000000014,66,0,4.12,US,1717950951
302,ciudad lazaro cardenas,17.9583,-102.2,29.590000000000032,57,19,4.8,MX,1717950670
303,taroa,8.7058,171.2275,28.25,79,66,6.28,MH,1717950951
304,renqiu,38.6989,116.0936,26.900000000000034,34,53,3.98,CN,1717950951
305,walvis bay,-22.9575,14.5053,22.08000000000004,33,35,4.14,NA,1717950892
306,vadso,70.0744,29.7487,7.490000000000009,87,75,5.14,NO,1717950883
307,colchani,-20.3,-66.9333,8.760000000000048,27,90,2.6,BO,1717950951
308,arraial do cabo,-22.9661,-42.0278,25.980000000000018,61,0,8.23,BR,1717950880
309,taraz,42.9,71.3667,24.230000000000018,50,75,3.0,KZ,1717950951
310,coquimbo,-29.9533,-71.3436,15.850000000000023,76,0,1.03,CL,1717950884
311,rawson,-43.3002,-65.1023,13.930000000000007,64,66,6.11,AR,1717950876
312,apolinario saravia,-24.4328,-63.9954,29.82000000000005,35,12,3.93,AR,1717950951
313,singkil,-7.9855,111.4161,24.360000000000014,93,94,1.97,ID,1717950951
314,touros,-5.1989,-35.4608,28.090000000000032,75,67,7.24,BR,1717950951
315,zhicheng,30.2956,111.5047,21.640000000000043,86,79,0.97,CN,1717950951
316,mount isa,-20.7333,139.5,6.8700000000000045,81,1,0.51,AU,1717950876
317,kedrovyy,56.1667,91.8167,10.230000000000018,97,23,2.46,RU,1717950951
318,altamira,-3.2033,-52.2064,32.05000000000001,70,40,1.03,BR,1717950816
319,indianola,41.3581,-93.5574,26.08000000000004,38,50,4.41,US,1717950951
320,ad dawadimi,24.5077,44.3924,40.64000000000004,8,53,4.77,SA,1717950879
321,ponte de sor,39.2496,-8.0101,24.760000000000048,56,100,5.01,PT,1717950951
322,tanjung pandan,-2.75,107.65,26.600000000000023,85,8,2.6,ID,1717950951
323,minas de marcona,-15.2119,-75.1103,17.83000000000004,53,21,4.8,PE,1717950951
324,shush,32.1942,48.2436,40.52000000000004,9,0,4.27,IR,1717950951
325,yashan,22.1975,109.9419,24.79000000000002,96,100,0.99,CN,1717950951
326,castillos,-34.1667,-53.8333,24.03000000000003,71,97,6.45,UY,1717950892
327,petropavlovsk-kamchatsky,53.0452,158.6483,11.330000000000041,63,75,6.26,RU,1717950951
328,wuyo,10.3852,11.6968,36.64000000000004,33,18,2.81,NG,1717950951
329,hamilton,39.1834,-84.5333,24.379999999999995,55,0,3.6,US,1717950656
330,axim,4.8699,-2.2405,27.08000000000004,81,98,3.73,GH,1717950951
331,robertsport,6.7533,-11.3686,28.120000000000005,79,14,4.84,LR,1717950951
332,rosarito,32.3333,-117.0333,19.120000000000005,70,72,2.57,MX,1717950952
333,sarangani,5.4033,125.4636,28.99000000000001,72,100,2.75,PH,1717950952
334,holualoa,19.6228,-155.9522,23.260000000000048,83,40,1.54,US,1717950952
335,beau vallon,-20.4189,57.6953,21.79000000000002,100,75,1.54,MU,1717950952
336,luanco,43.6152,-5.7934,17.230000000000018,82,100,4.02,ES,1717950952
337,bamiantong,44.9333,130.5333,11.710000000000036,91,32,1.95,CN,1717950952
338,rudbar,30.15,62.6,33.14000000000004,8,0,3.42,AF,1717950952
339,fort saskatchewan,53.7168,-113.2187,11.430000000000007,62,98,2.06,CA,1717950952
340,punta gorda,26.9298,-82.0454,34.03000000000003,70,20,4.12,US,1717950952
341,bocana de paiwas,12.7857,-85.1227,30.75,68,100,2.68,NI,1717950952
342,novoul'yanovsk,54.1496,48.3891,21.810000000000002,64,78,1.34,RU,1717950952
343,urangan,-25.3,152.9,14.0,72,19,2.68,AU,1717950952
344,bokoro,12.3807,17.0568,34.69,30,40,7.99,TD,1717950952
345,nicoya,10.1483,-85.452,29.82000000000005,76,100,0.8,CR,1717950952
346,kone,-21.0595,164.8658,22.060000000000002,85,100,2.25,NC,1717950952
347,novoarkhanhel's'k,48.658,30.8182,23.02000000000004,66,100,3.35,UA,1717950952
348,kafarati,10.383,11.0957,35.370000000000005,33,39,2.81,NG,1717950952
349,noumea,-22.2763,166.4572,24.439999999999998,99,100,1.39,NC,1717950952
350,kavieng,-2.5744,150.7967,28.160000000000025,80,82,2.5,PG,1717950952
351,saint-felicien,48.6501,-72.4491,16.379999999999995,82,100,2.57,CA,1717950952
352,west wodonga,-36.1257,146.8486,8.830000000000041,100,64,0.84,AU,1717950952
353,brookings,44.3114,-96.7984,22.810000000000002,45,0,3.6,US,1717950952
354,yangshuo,24.7808,110.4897,23.510000000000048,99,100,1.33,CN,1717950953
355,huambo,-12.7761,15.7392,20.230000000000018,29,50,2.71,AO,1717950953
356,nizhniy odes,63.6445,54.856,13.700000000000045,85,87,2.13,RU,1717950953
357,fortaleza,-3.7227,-38.5247,31.150000000000034,85,75,4.63,BR,1717950693
358,arroyo de la luz,39.4851,-6.584,24.150000000000034,43,87,2.77,ES,1717950953
359,iquique,-20.2208,-70.1431,18.02000000000004,76,52,2.98,CL,1717950839
360,qarazhal,48.0078,70.7903,23.200000000000045,49,87,7.85,KZ,1717950953
361,nabire,-3.3667,135.4833,24.33000000000004,95,81,1.53,ID,1717950953
362,yarmouth,41.7057,-70.2286,19.980000000000018,82,100,5.14,US,1717950660
363,guatrache,-37.6678,-63.5302,18.660000000000025,36,70,9.0,AR,1717950953
364,yunfu,22.9306,112.0373,24.730000000000018,97,100,0.95,CN,1717950953
365,haiku-pauwela,20.9219,-156.3051,23.910000000000025,79,20,4.63,US,1717950953
366,kristiansund,63.1115,7.732,14.360000000000014,71,75,9.77,NO,1717950953
367,bukama,-9.2,25.85,23.670000000000016,34,12,1.78,CD,1717950953
368,songea,-10.6833,35.65,15.82000000000005,75,80,2.38,TZ,1717950953
369,sur,22.5667,59.5289,33.379999999999995,46,19,2.41,OM,1717950953
370,tannum sands,-23.9504,151.3693,13.189999999999998,87,0,3.09,AU,1717950953
371,kostomuksha,64.571,30.5767,16.689999999999998,57,82,3.58,RU,1717950953
372,comodoro rivadavia,-45.8667,-67.5,9.920000000000016,87,40,2.06,AR,1717950663
373,north elba,44.2434,-73.9543,14.740000000000009,91,89,1.79,US,1717950953
374,sinabang,2.4803,96.3801,25.82000000000005,87,87,1.19,ID,1717950953
375,francistown,-21.17,27.5079,13.560000000000002,47,0,4.79,BW,1717950893
376,kendari,-3.945,122.4989,23.670000000000016,95,71,1.03,ID,1717950682
377,lompoc,34.6391,-120.4579,18.850000000000023,78,40,1.54,US,1717950882
378,markala,13.7021,-6.0659,41.84000000000003,17,16,2.19,ML,1717950953
379,tolanaro,-25.0319,46.9987,17.04000000000002,94,75,1.54,MG,1717950953
380,nyurba,63.2842,118.3319,11.850000000000023,89,97,1.99,RU,1717950953
381,dudinka,69.4058,86.1778,3.7100000000000364,94,91,3.58,RU,1717950884
382,caleta de carquin,-11.0925,-77.6267,20.170000000000016,72,54,4.86,PE,1717950954
383,strezhevoy,60.7333,77.5889,16.090000000000032,45,3,2.24,RU,1717950729
384,mar del plata,-38.0023,-57.5575,18.010000000000048,93,75,3.6,AR,1717950859
385,afif,23.9065,42.9172,35.460000000000036,8,26,2.25,SA,1717950954
386,ixtapa,20.7,-105.2,27.57000000000005,74,40,3.6,MX,1717950954
387,bathsheba,13.2167,-59.5167,31.340000000000032,74,20,8.23,BB,1717950954
388,usogorsk,63.4106,48.6872,15.370000000000005,89,100,2.43,RU,1717950954
389,yung shue wan,22.2333,114.1167,27.680000000000007,90,100,3.33,HK,1717950954
390,eirunepe,-6.6603,-69.8736,33.06,47,40,0.89,BR,1717950954
391,kanniyakumari,8.0833,77.5667,27.05000000000001,85,80,8.09,IN,1717950954
392,metu,8.3,35.5833,16.180000000000007,98,55,1.12,ET,1717950954
393,antofagasta,-23.65,-70.4,18.600000000000023,76,93,3.25,CL,1717950935
394,kertih,4.5141,103.4483,26.010000000000048,94,100,0.0,MY,1717950954
395,george town,5.4112,100.3354,28.960000000000036,69,40,4.63,MY,1717950761
396,dryden,49.7833,-92.7503,10.160000000000025,76,100,2.06,CA,1717950954
397,port douglas,-16.4833,145.4667,18.189999999999998,69,6,2.06,AU,1717950891
398,fort bragg,35.139,-79.006,33.23000000000002,44,20,3.6,US,1717950720
399,porto seguro,-16.4497,-39.0647,26.29000000000002,73,75,3.6,BR,1717950954
400,waddan,29.1614,16.139,36.85000000000002,11,0,2.35,LY,1717950954
401,lisala,2.15,21.5167,26.900000000000034,64,98,1.56,CD,1717950954
402,baley,51.6,116.6333,6.6200000000000045,94,60,0.3,RU,1717950954
403,howrah,22.5892,88.3103,31.0,89,40,5.66,IN,1717950954
404,ebon,4.582,168.6964,28.79000000000002,77,73,6.38,MH,1717950954
405,robbio,45.2906,8.5911,24.379999999999995,76,91,2.43,IT,1717950954
406,prince rupert,54.3161,-130.3201,11.830000000000041,85,100,5.66,CA,1717950853
407,paciran,-6.8767,112.3761,26.560000000000002,86,89,3.4,ID,1717950954
408,cidreira,-30.1811,-50.2056,23.840000000000032,63,11,1.99,BR,1717950719
409,pont rouge,48.8833,-72.0825,16.160000000000025,95,100,2.3,CA,1717950954
410,luanda,-8.8368,13.2343,25.0,78,0,4.63,AO,1717950954
411,ibarreta,-25.2144,-59.8585,33.85000000000002,26,75,7.55,AR,1717950954
412,khvoynaya,58.9,34.5333,15.460000000000036,59,100,3.47,RU,1717950954
413,corbu,44.3833,28.65,29.620000000000005,37,0,7.2,RO,1717950955
414,santana,-0.0583,-51.1817,31.100000000000023,70,40,2.57,BR,1717950955
415,faya-largeau,17.9257,19.1043,40.55000000000001,7,8,4.57,TD,1717950955
416,ibicarai,-14.865,-39.5875,24.350000000000023,80,100,1.68,BR,1717950873
417,namibe,-15.1961,12.1522,20.860000000000014,80,2,2.98,AO,1717950955
418,egilsstadir,65.2653,-14.3948,8.950000000000045,71,75,2.57,IS,1717950877
419,north battleford,52.7834,-108.2847,11.050000000000011,66,75,3.6,CA,1717950732
420,nadym,65.5333,72.5167,9.420000000000016,53,100,4.16,RU,1717950955
421,sola,-13.8833,167.55,26.350000000000023,73,93,6.72,VU,1717950880
422,kagoro,9.6,8.3833,21.870000000000005,91,93,1.63,NG,1717950955
423,kapuskasing,49.4169,-82.4331,8.050000000000011,93,100,7.2,CA,1717950955
424,portland,45.5234,-122.6762,20.360000000000014,70,75,2.57,US,1717950782
425,gao,16.6362,1.637,43.110000000000014,11,10,1.65,ML,1717950955
426,saint-philippe,-21.3585,55.7679,22.77000000000004,82,48,4.68,RE,1717950955
427,chernyshevsk,52.5243,117.0174,8.890000000000043,92,99,0.6,RU,1717950955
428,dauphin,51.1494,-100.0502,13.080000000000041,67,100,3.09,CA,1717950955
429,fonte boa,-2.4959,-66.2662,27.590000000000032,89,95,0.92,BR,1717950955
430,homer,59.6425,-151.5483,11.939999999999998,64,100,7.2,US,1717950955
431,kuhdasht,33.535,47.6061,28.99000000000001,15,6,2.47,IR,1717950955
432,oranjemund,-28.55,16.4333,20.670000000000016,29,51,5.08,NA,1717950955
433,jinghong,21.991,100.7341,22.400000000000034,99,100,0.8,CN,1717950955
434,sambava,-14.2667,50.1667,23.80000000000001,73,66,7.68,MG,1717950955
435,wotho,10.1657,166.0102,28.590000000000032,79,62,5.92,MH,1717950955
436,isiolo,0.3546,37.5822,21.620000000000005,70,93,5.6,KE,1717950955
437,rongelap,11.1635,166.8941,28.5,79,44,6.59,MH,1717950955
438,kamina,-8.7386,24.9906,18.75,39,6,1.63,CD,1717950955
439,savelugu,9.6244,-0.8253,37.06,33,38,1.57,GH,1717950955
440,kikwit,-5.041,18.8162,27.610000000000014,31,70,0.4,CD,1717950956
441,zhezqazghan,47.7833,67.7667,26.32000000000005,34,40,7.0,KZ,1717950892
442,bandarbeyla,9.4942,50.8122,26.980000000000018,80,36,13.51,SO,1717950956
443,bintulu,3.1667,113.0333,27.230000000000018,94,20,0.0,MY,1717950956
444,imbituba,-28.24,-48.6703,24.400000000000034,57,24,5.6,BR,1717950956
445,smithers,54.7804,-127.1743,16.180000000000007,48,75,4.12,CA,1717950849
446,saint-pierre,-21.3393,55.4781,22.82000000000005,73,0,4.63,RE,1717950956
447,bikenibeu village,1.3673,173.1241,27.980000000000018,83,20,2.06,KI,1717950956
448,saint-joseph,-21.3667,55.6167,22.210000000000036,81,33,5.18,RE,1717950956
449,alexandroupoli,40.8475,25.8744,28.510000000000048,54,0,2.06,GR,1717950956
450,panaba,21.2833,-88.2667,36.03000000000003,41,58,2.83,MX,1717950956
451,funafuti,-8.5243,179.1942,27.0,94,75,0.0,TV,1717950956
452,canarana,-11.6847,-41.7689,29.0,39,79,5.06,BR,1717950956
453,todos santos,23.45,-110.2167,24.0,63,0,3.1,MX,1717950956
454,tabas,33.5959,56.9244,33.49000000000001,9,0,5.31,IR,1717950956
455,abdanan,32.9926,47.4198,33.04000000000002,11,0,2.31,IR,1717950956
456,taksimo,56.3444,114.8794,9.720000000000027,72,26,1.49,RU,1717950956
457,barstow,34.8986,-117.0228,28.55000000000001,28,5,4.11,US,1717950956
458,mukalla,14.5425,49.1242,31.230000000000018,72,79,2.27,YE,1717950956
459,aoulef,26.9667,1.0833,44.85000000000002,7,84,6.33,DZ,1717950956
460,goderich,43.7501,-81.7165,15.510000000000048,94,98,4.12,CA,1717950956
461,kalmunai,7.4167,81.8167,28.730000000000018,73,100,1.48,LK,1717950956
462,uturoa,-16.7333,-151.4333,26.960000000000036,79,92,4.83,PF,1717950956
463,keningau,5.3378,116.1602,23.32000000000005,98,98,0.46,MY,1717950956
464,solnechnyy,50.7214,136.6319,12.240000000000009,99,100,1.07,RU,1717950956
465,patrocinio,-18.9439,-46.9925,26.420000000000016,33,58,3.42,BR,1717950956
466,panacan,9.2463,118.4082,27.710000000000036,79,95,0.52,PH,1717950957
467,bay roberts,47.5999,-53.2648,16.860000000000014,81,84,3.1,CA,1717950669
468,mezdra,43.15,23.7,26.600000000000023,73,12,0.2,BG,1717950957
469,fernie,49.5,-115.0687,13.110000000000014,49,96,1.16,CA,1717950679
470,maddela,16.3414,121.6849,24.430000000000007,96,99,0.3,PH,1717950957
471,namdrik,5.5994,168.1028,28.900000000000034,75,62,6.44,MH,1717950957
472,luganville,-15.5333,167.1667,23.689999999999998,78,56,0.34,VU,1717950957
473,taco pozo,-25.6167,-63.2833,30.910000000000025,34,16,4.85,AR,1717950957
474,koraput,18.8167,82.7167,25.160000000000025,78,79,3.56,IN,1717950957
475,brisas de zicatela,15.8369,-97.0419,31.29000000000002,70,75,1.54,MX,1717950957
476,swakopmund,-22.6833,14.5333,19.99000000000001,47,33,3.46,NA,1717950957
477,san felice circeo,41.2372,13.0942,26.850000000000023,70,99,7.5,IT,1717950957
478,yaring,6.8662,101.3689,27.939999999999998,83,100,3.54,TH,1717950957
479,tutayev,57.8853,39.5406,19.410000000000025,66,77,0.97,RU,1717950957
480,el abiodh sidi cheikh,32.893,0.5484,34.49000000000001,8,68,4.88,DZ,1717950957
481,nalut,30.3333,10.85,39.420000000000016,8,10,2.3,LY,1717950957
482,harper,4.375,-7.7169,27.150000000000034,78,81,3.7,LR,1717950957
483,katsuren-haebaru,26.3369,127.8719,25.010000000000048,96,75,0.0,JP,1717950957
484,mungwi,-10.1732,31.3694,17.939999999999998,57,71,3.71,ZM,1717950957
485,guiuan,11.0333,125.7247,29.08000000000004,77,43,2.46,PH,1717950957
486,ankang,32.68,109.0172,19.700000000000045,87,1,0.44,CN,1717950957
487,kuah,6.3265,99.8432,27.99000000000001,83,20,0.0,MY,1717950957
488,turan,16.0678,108.2208,27.99000000000001,83,40,1.54,VN,1717950691
489,beyneu,45.3167,55.2,29.620000000000005,24,82,5.1,KZ,1717950957
490,ardestan,33.3761,52.3694,31.890000000000043,9,0,4.77,IR,1717950958
491,barreirinha,-2.7933,-57.07,33.35000000000002,50,29,1.45,BR,1717950958
492,ataq,14.5377,46.8319,28.390000000000043,49,44,5.53,YE,1717950958
493,elko,41.0002,-115.5012,25.640000000000043,37,74,0.89,US,1717950958
494,akureyri,65.6835,-18.0878,7.960000000000036,76,40,6.69,IS,1717950958
495,coahuayana de hidalgo,18.7,-103.6583,31.980000000000018,46,6,3.41,MX,1717950958
496,es castell,39.8795,4.2854,24.379999999999995,64,20,7.72,ES,1717950958
497,ust'-kulom,61.6864,53.6902,14.82000000000005,86,100,1.18,RU,1717950958
498,tual,-5.6667,132.75,26.99000000000001,83,45,9.08,ID,1717950896
499,albertina,-22.2008,-46.6158,27.689999999999998,29,77,1.82,BR,1717950958
500,abatskoye,56.2875,70.4555,14.360000000000014,85,93,5.31,RU,1717950958
501,mugia,43.1041,-9.2179,16.060000000000002,77,3,10.08,ES,1717950958
502,pskov,57.8136,28.3496,15.150000000000034,100,75,2.0,RU,1717950922
503,rio grande,-32.035,-52.0986,27.189999999999998,68,59,5.88,BR,1717950876
504,aleg,17.0481,-13.9209,40.710000000000036,19,100,5.16,MR,1717950958
505,touba,8.2833,-7.6833,33.73000000000002,39,41,2.65,CI,1717950958
506,abepura,-2.6333,140.5833,24.450000000000045,100,40,0.51,ID,1717950958
507,chilliwack,49.1747,-121.9443,20.99000000000001,62,97,1.54,CA,1717950958
508,bac lieu,9.285,105.7244,28.05000000000001,64,100,5.36,VN,1717950958
509,acapulco de juarez,16.8634,-99.8901,28.900000000000034,70,20,2.57,MX,1717950813
510,pailon,-17.65,-62.75,30.5,32,97,8.78,BO,1717950958
511,dwarka,22.2394,68.9678,29.390000000000043,82,98,6.39,IN,1717950958
512,asipovichy,53.2933,28.6422,16.890000000000043,95,92,3.1,BY,1717950958
513,kailua-kona,19.6406,-155.9956,25.33000000000004,90,40,1.54,US,1717950958
514,baki,-7.6128,110.7839,24.510000000000048,92,76,2.2,ID,1717950958
515,aykhal,66.0,111.5,15.240000000000009,35,61,3.02,RU,1717950790
516,mushie,-3.0167,16.9,29.980000000000018,43,83,1.0,CD,1717950958
517,vila franca do campo,37.7167,-25.4333,20.230000000000018,99,78,2.55,PT,1717950959
518,batken,39.8333,71.0,15.740000000000009,45,86,2.65,KG,1717950959
519,bridgewater,44.3835,-64.5155,23.710000000000036,66,93,5.14,CA,1717950959
520,gorontalo,0.5412,123.0595,23.910000000000025,97,96,0.7,ID,1717950959
521,magdalena,14.1999,121.429,27.930000000000007,93,100,1.33,PH,1717950959
522,yarkovo,57.4028,67.0786,14.25,84,87,2.71,RU,1717950959
523,kaka,37.3482,59.6143,32.06,11,0,1.06,TM,1717950959
524,lionel town,17.8101,-77.2406,32.72000000000003,66,100,6.1,JM,1717950959
525,tianpeng,30.9866,103.9393,22.260000000000048,83,6,2.03,CN,1717950959
526,monrovia,6.3005,-10.7969,27.870000000000005,79,67,4.33,LR,1717950959
527,genc,38.7507,40.5603,19.04000000000002,64,100,2.26,TR,1717950959
528,nanyamba,-10.6833,39.8333,20.860000000000014,83,37,1.26,TZ,1717950959
529,balqash,46.8481,74.995,26.05000000000001,40,20,7.88,KZ,1717950959
530,chamical,-30.36,-66.314,28.27000000000004,12,0,3.15,AR,1717950959
531,isangel,-19.55,169.2667,23.420000000000016,87,94,1.59,VU,1717950873
532,malango,-2.9627,119.9001,19.04000000000002,100,84,0.89,ID,1717950959
533,pontes e lacerda,-15.2261,-59.3353,34.610000000000014,23,61,3.94,BR,1717950959
534,yelizovo,53.1873,158.3805,12.080000000000041,66,75,3.0,RU,1717950959
535,trinidad,-14.8333,-64.9,30.99000000000001,55,40,4.12,BO,1717950959
536,yamoussoukro,6.8206,-5.2767,29.939999999999998,70,40,1.03,CI,1717950959
537,tralee,52.2704,-9.7026,14.140000000000043,82,75,4.12,IE,1717950878
538,tamandare,-8.7597,-35.1047,27.629999999999995,69,59,5.65,BR,1717950959
539,gornopravdinsk,60.05,69.9,14.140000000000043,63,29,1.26,RU,1717950959
540,morioka,39.7036,141.1525,17.060000000000002,92,100,0.99,JP,1717950959
541,thunder bay,48.4001,-89.3168,10.990000000000009,71,100,6.69,CA,1717950875
542,extrema,-22.8547,-46.3183,25.400000000000034,38,48,2.66,BR,1717950959
543,nar'yan-mar,67.6713,53.087,5.060000000000002,71,100,4.92,RU,1717950788
544,nzerekore,7.7562,-8.8179,26.170000000000016,88,97,1.91,GN,1717950960
545,trairi,-3.2778,-39.2689,28.99000000000001,70,61,4.67,BR,1717950854
546,argo,37.6333,22.7333,27.75,43,5,2.6,GR,1717950960
547,ghadamis,30.1337,9.5007,41.43000000000001,7,43,2.84,LY,1717950960
548,alton north (historical),26.2953,-98.3045,34.960000000000036,58,20,6.17,US,1717950960
549,altus,34.6381,-99.334,31.730000000000018,44,0,6.17,US,1717950960
550,nola,40.922,14.5329,29.950000000000045,47,99,0.65,IT,1717950960
551,kharp,66.8014,65.8081,9.840000000000032,94,100,2.36,RU,1717950789
552,maamba,-17.3667,27.15,17.220000000000027,55,0,1.65,ZM,1717950960
553,acarau,-2.8856,-40.12,30.560000000000002,63,41,6.37,BR,1717950960
554,floro,61.5996,5.0328,11.04000000000002,87,75,8.23,NO,1717950960
555,panama city beach,30.1766,-85.8055,33.49000000000001,55,0,3.09,US,1717950660
556,cabo san lucas,22.8909,-109.9124,23.170000000000016,79,0,2.57,MX,1717950814
557,zaozersk,69.4005,32.4476,4.680000000000007,85,71,7.16,RU,1717950960
558,fisterra,42.9049,-9.2629,15.970000000000027,72,6,10.67,ES,1717950960
559,belozersk,60.0326,37.7957,13.879999999999995,61,93,3.58,RU,1717950960
560,sao jose da coroa grande,-8.8978,-35.1478,27.370000000000005,71,39,6.04,BR,1717950960
561,fort st. john,56.2499,-120.8529,6.939999999999998,93,100,1.54,CA,1717950960
562,ust'-ilimsk,58.0006,102.6619,13.020000000000039,93,100,1.34,RU,1717950960
563,birmitrapur,22.4,84.7667,35.56,31,67,2.89,IN,1717950960
564,al jawf,29.5,38.75,34.69,10,0,4.84,SA,1717950956
565,maxixe,-23.8597,35.3472,17.900000000000034,94,75,1.54,MZ,1717950960
566,bondo,3.8146,23.6866,22.620000000000005,92,99,1.5,CD,1717950960
567,florence,43.7667,11.25,30.410000000000025,45,40,2.06,IT,1717950685
568,tupiza,-21.45,-65.7167,19.060000000000002,6,76,1.97,BO,1717950960
569,doda,33.1333,75.5667,20.640000000000043,51,53,1.98,IN,1717950960
570,vauvert,43.7,4.2833,22.980000000000018,78,41,3.6,FR,1717950960
571,show low,34.2542,-110.0298,21.160000000000025,17,0,7.2,US,1717950960
572,winnemucca,40.973,-117.7357,21.03000000000003,52,40,2.06,US,1717950961
573,barah,13.7,30.3667,34.94,29,96,1.48,SD,1717950961
574,pinhao,-25.6956,-51.6597,23.620000000000005,46,66,3.98,BR,1717950961
575,chapadinha,-3.7417,-43.3603,33.09000000000003,46,87,2.62,BR,1717950961
576,connell,46.6635,-118.8611,24.310000000000002,55,100,1.34,US,1717950961
577,san juan bautista,-14.0108,-75.7358,24.640000000000043,40,17,2.08,PE,1717950961
578,bandon,51.7469,-8.7425,15.770000000000039,76,100,6.22,IE,1717950961
579,alvorada,-12.48,-49.1247,34.26000000000005,25,33,3.27,BR,1717950961
580,tsiombe,-25.3,45.4833,17.860000000000014,62,100,5.06,MG,1717950961
581,turriff,57.5384,-2.4593,14.03000000000003,71,64,7.14,GB,1717950961
582,carolina beach,34.0352,-77.8936,33.379999999999995,50,73,1.79,US,1717950855
583,qianzhou,28.3167,109.7167,18.840000000000032,97,100,0.45,CN,1717950961
584,arcos,-20.2819,-45.5394,27.460000000000036,34,61,2.49,BR,1717950961
585,eagle,43.6954,-116.354,24.77000000000004,58,0,2.06,US,1717950961
586,salekhard,66.53,66.6019,10.220000000000027,60,98,3.13,RU,1717950961
587,quartu sant'elena,39.2419,9.1839,29.120000000000005,44,0,7.2,IT,1717950961
588,aginskoye,51.1,114.53,9.270000000000039,88,60,0.93,RU,1717950961
589,tuy hoa,13.0833,109.3,25.560000000000002,88,100,3.36,VN,1717950961
590,kudahuvadhoo,2.6708,72.8944,28.950000000000045,74,98,3.72,MV,1717950961
591,vallenar,-28.5708,-70.7581,19.25,38,100,2.06,CL,1717950686
592,mandal,25.45,74.5667,35.420000000000016,25,90,4.36,IN,1717950961
593,launceston,-41.45,147.1667,2.8600000000000136,93,6,2.57,AU,1717950961
594,island harbour,50.724,-1.2758,18.32000000000005,61,72,1.79,GB,1717950961
595,quatre cocos,-20.2078,57.7625,21.720000000000027,84,82,6.05,MU,1717950961
596,al mayadin,35.0209,40.4535,36.870000000000005,11,2,1.96,SY,1717950962
597,mariental,-24.6333,17.9667,17.439999999999998,29,26,5.64,NA,1717950893
598,paris,48.8534,2.3488,22.810000000000002,41,0,6.17,FR,1717950381
599,namsos,64.4662,11.4957,16.03000000000003,58,75,2.06,NO,1717950665
600,sangmelima,2.9333,11.9833,22.060000000000002,97,93,1.23,CM,1717950962
